1,92,"基礎半導体工学 / 國岡昭夫, 上村喜一著","新版. - 東京 : 朝倉書店 , 1996.4"
2,84,観光のまなざし : 現代社会におけるレジャーと旅行 / ジョン・アーリ著 ; 加太宏邦訳,"東京 : 法政大学出版局 , 1995.2 (りぶらりあ選書)"
3,68,ゼロからわかる大学生のためのレポート・論文の書き方 / 石井一成著,"東京 : ナツメ社 , 2011.5"
4,64,簡単!実践!ロボットシミュレーション : Open Dynamics Engineによるロボットプログラミング / 出村公成著,"東京 : 森北出版 , 2007.5"
5,61,"基本演習線形代数 / 寺田文行, 木村宣昭共著","東京 : サイエンス社 , 1990.5 (基本演習ライブラリ)"
6,59,"有機化学のためのスペクトル解析法 : UV, IR, NMR, MSの解説と演習 / M. Hesse, H. Meier, B. Zeeh著 ; 馬場章夫, 三浦雅博ほか訳","第2版. - 京都 : 化学同人 , 2010.3"
7,57,固体物理学入門 / Charles Kittel [著] ; 宇野良清 [ほか] 共訳,"上,下. - 第8版. - 東京 : 丸善 , 2005.12"
8,53,TOEICテスト新公式問題集 / Educational Testing Service著 ; 国際ビジネスコミュニケーション協会TOEIC運営委員会編,"[vol. 1] - vol. 6. - [東京] : 国際ビジネスコミュニケーション協会TOEIC運営委員会. - 東京 : 国際コミュニケーションズ・スクール (発売) , 2005.12-"
9,52,多様体の基礎 / 松本幸夫著,"東京 : 東京大学出版会 , 1988.9 (基礎数学)"
9,52,代数的整数論の基礎 / 雪江明彦著,"東京 : 日本評論社 , 2013.10 (整数論 / 雪江明彦著)"
10,51,代数学のひろがり / 雪江明彦著,"東京 : 日本評論社 , 2011.3 (代数学 / 雪江明彦著)"
11,49,"プラクティカルジーニアス英和辞典 = Practical genius English‐Japanese dictionary / 小西友七, 東森勲編集主幹","東京 : 大修館書店 , 2004.11"
12,48,理科系の作文技術 / 木下是雄著,"東京 : 中央公論社 , 1981.9 (中公新書)"
12,48,半導体の物理 / 御子柴宣夫著,"改訂版. - 東京 : 培風館 , 1991.11 (半導体工学シリーズ / 西澤潤一編)"
13,47,半導体評価技術 / 河東田隆編著 ; 奥村次徳 [ほか] 執筆,"東京 : 産業図書 , 1989.2 (集積回路プロセス技術シリーズ)"
13,47,"観光入門 : 観光の仕事・学習・研究をつなぐ / 青木義英, 廣岡裕一, 神田孝治編著","東京 : 新曜社 , 2011.4"
14,46,図解でわかるはじめての電子回路 / 大熊康弘著,"東京 : 技術評論社 , 2002.4"
15,45,"パタン・ランゲージ : 町・建物・施工 / クリストファー・アレグザンダー, サラ・イシカワ, マレー・シルバースタイン [著] ; 平田翰那訳","東京 : 鹿島出版会 , 1984.12"
15,45,地方都市圏の交通とまちづくり : 持続可能な社会をめざして / 辻本勝久著,"京都 : 学芸出版社 , 2009.4"
16,43,高分子化学入門 : 高分子の面白さはどこからくるか / 蒲池幹治著,"改訂. - 東京 : エヌ・ティー・エス , 2006.6"
16,43,夜は短し歩けよ乙女 / 森見登美彦著,"東京 : 角川書店 , 2006.11"
16,43,もし高校野球の女子マネージャーがドラッカーの『マネジメント』を読んだら / 岩崎夏海著,"東京 : ダイヤモンド社 , 2009.12"
17,42,Trade and diplomacy on the China coast : the opening of the treaty ports 1842-1854 / John King Fairbank,"Stanford, Calif. : Stanford University Press , [1969]"
18,41,"「観光のまなざし」の転回 : 越境する観光学 / 遠藤英樹, 堀野正人編著","横浜 : 春風社 , 2004.5"
18,41,光物性物理学 / 櫛田孝司著,": 新装版. - 東京 : 朝倉書店 , 2009.3"
19,40,III-V族化合物半導体 / 赤崎勇編著,"東京 : 培風館 , 1994.5 (アドバンストエレクトロニクスシリーズ / 菅野卓雄 [ほか] 監修)"
19,40,地域づくりの経済学入門 : 地域内再投資力論 / 岡田知弘著,"[東京] : 自治体研究社 , 2005.8 (現代自治選書)"
19,40,"溶液内イオン平衡に基づく分析化学 / 姫野貞之, 市村彰男共著","第2版. - 京都 : 化学同人 , 2009.10"
20,39,データベース入門 / 増永良文著,"東京 : サイエンス社 , 2006.10 (Computer science library)"
20,39,"固体物理学 : 21世紀物質科学の基礎 / H.イバッハ, H.リュート著 ; 石井力, 木村忠正訳","改訂新版. - 東京 : シュプリンガー・ジャパン , 2008.12 (Springer university textbooks)"
21,38,数学ガール / 結城浩著,"東京 : ソフトバンククリエイティブ , 2007.6"
21,38,シャッター通り再生計画 : 明日からはじめる活性化の極意 / 足立基浩著,"京都 : ミネルヴァ書房 , 2010.4"
21,38,ファイバー通信のための非線形光学 / 井上恭著,"東京 : 森北出版 , 2011.3"
21,38,"観光メディア論 = Tourism & media / 遠藤英樹, 寺岡伸悟, 堀野正人編著","京都 : ナカニシヤ出版 , 2014.5 (「シリーズ」メディアの未来)"
21,38,"嫌われる勇気 / 岸見一郎, 古賀史健著","東京 : ダイヤモンド社 , 2013.12 (自己啓発の源流「アドラー」の教え / 岸見一郎, 古賀史健著)"
22,37,地域ブランド・マネジメント / 和田充夫 [ほか] 著 ; 電通abic project編,"東京 : 有斐閣 , 2009.6"
23,36,"続日本紀 / [藤原継縄, 菅野真道等奉勅撰] ; 直木孝次郎他訳注","1 - 4. - 東京 : 平凡社 , 1986.6-1992.4 (東洋文庫)"
23,36,"競争の戦略 / M.E.ポーター著 ; 土岐坤, 中辻萬治, 服部照夫訳","新訂. - 東京 : ダイヤモンド社 , 1995.3"
23,36,体験交流型ツーリズムの手法 : 地域資源を活かす着地型観光 / 大社充著,"京都 : 学芸出版社 , 2008.6"
23,36,日本の不公平を考える / 阿部彩著,"東京 : 岩波書店 , 2008.11 (岩波新書)"
23,36,転換するグリーン・ツーリズム : 広域連携と自立をめざして / 青木辰司著,"京都 : 学芸出版社 , 2010.5"
23,36,Pythonスタートブック : いちばんやさしいパイソンの本 / 辻真吾著,"東京 : 技術評論社 , 2010.5"
24,35,経営学入門 : 経験から学ぶ / 上林憲雄 [ほか] 著,"東京 : 有斐閣 , 2007.4 (有斐閣ブックス)"
24,35,"地域からのエコツーリズム : 観光・交流による持続可能な地域づくり / 敷田麻実編著 ; 森重昌之, 高木晴光, 宮本英樹著","京都 : 学芸出版社 , 2008.4"
24,35,博士の愛した数式 / 小川洋子著,"東京 : 新潮社 , 2005.12 (新潮文庫)"
24,35,観光まちづくり : まち自慢からはじまる地域マネジメント / 西村幸夫編著,"京都 : 学芸出版社 , 2009.2"
24,35,日本一のローカル線をつくる : たま駅長に学ぶ公共交通再生 / 小嶋光信著,"京都 : 学芸出版社 , 2012.2"
24,35,マスタリングTCP/IP / 竹下隆史 [ほか] 共著,"入門編. - 第5版. - 東京 : オーム社 , 2012.2"
24,35,何者 / 朝井リョウ著,"東京 : 新潮社 , 2012.11"
24,35,"ハンバーガーショップでむりなく学ぶ、やさしく楽しい統計学 / 向後千春, 冨永敦子著","東京 : 技術評論社 , 2007.10 (ファーストブック)"
25,34,近代中国の国際的契機 : 朝貢貿易システムと近代アジア / 浜下武志著,"東京 : 東京大学出版会 , 1990.9"
25,34,分子線エピタキシー / 権田俊一編著,"東京 : 培風館 , 1994.11 (アドバンストエレクトロニクスシリーズ / 菅野卓雄 [ほか] 監修)"
25,34,固体物理学入門 / Charles Kittel [著] ; 宇野良清 [ほか] 共訳,"上,下. - 第7版. - 東京 : 丸善 , 1998.2"
25,34,物質の対称性と群論 / 今野豊彦著,"東京 : 共立出版 , 2001.10"
25,34,"スポーツ・ヘルスツーリズム / 原田宗彦, 木村和彦編著","東京 : 大修館書店 , 2009.12 (スポーツビジネス叢書)"
25,34,旅猫リポート / 有川浩著,"東京 : 文藝春秋 , 2012.11"
26,33,はじめての統計学 / 鳥居泰彦著,"東京 : 日本経済新聞社 , 1994.11"
26,33,光物性入門 / 小林浩一著,"東京 : 裳華房 , 1997.4"
26,33,町家再生の論理 : 創造的まちづくりへの方途 / 宗田好史著,"京都 : 学芸出版社 , 2009.2"
26,33,観光の空間 : 視点とアプローチ / 神田孝治編著,"京都 : ナカニシヤ出版 , 2009.10"
26,33,量子力学 / 小形正男著,"東京 : 裳華房 , 2007.11 (裳華房テキストシリーズ - 物理学 / 阿部龍蔵, 川村清監修)"
26,33,"まちづくりを学ぶ : 地域再生の見取り図 / 石原武政, 西村幸夫編","東京 : 有斐閣 , 2010.9 (有斐閣ブックス)"
26,33,論文・レポートの基本 : この1冊できちんと書ける! / 石黒圭著,"東京 : 日本実業出版社 , 2012.3"
26,33,微分幾何学 / 今野宏著,"東京 : 東京大学出版会 , 2013.10 (大学数学の世界)"
27,32,物理のための数学 / 和達三樹著,"東京 : 岩波書店 , 1983.3 (物理入門コース / 戸田盛和, 中嶋貞雄編)"
27,32,数理統計学 / 稲垣宣生著,"改訂版. - 東京 : 裳華房 , 2003.2 (数学シリーズ / 佐武一郎, 村上信吾, 高橋礼司編)"
27,32,やさしく学べる微分方程式 / 石村園子著,"東京 : 共立出版 , 2003.11"
27,32,薄膜ハンドブック / 日本学術振興会薄膜第131委員会編,"第2版. - 東京 : オーム社 , 2008.3"
27,32,システム工学 / 室津義定 [ほか] 著,"第2版. - 東京 : 森北出版 , 2006.3"
27,32,"入門人的資源管理 / 奥林康司, 上林憲雄, 平野光俊編著","第2版. - 東京 : 中央経済社 , 2010.4"
27,32,ガロワ理論 / デイヴィッド・A. コックス著 ; 梶原健訳,"上,下. - 東京 : 日本評論社 , 2008.11-2010.9"
27,32,"金持ち父さん貧乏父さん : アメリカの金持ちが教えてくれるお金の哲学 / ロバート・キヨサキ, シャロン・レクター著 ; 白根美保子訳","東京 : 筑摩書房 , 2000.11"
27,32,"アイデア発想法と協同作業支援 / 宗森純, 由井薗隆也, 井上智雄著","東京 : 共立出版 , 2014.5 (未来へつなぐデジタルシリーズ = Connection to the future with digital series)"
27,32,深層学習 = Deep learning / 岡谷貴之著,"東京 : 講談社 , 2015.4 (MLP機械学習プロフェッショナルシリーズ)"
28,31,"システム制御理論入門 / 小郷寛, 美多勉共著","東京 : 実教出版 , 1979.12"
28,31,ベースボールと日本野球 : 打ち勝つ思考、守り抜く精神 / 佐山和夫著,"東京 : 中央公論社 , 1998.8 (中公新書)"
28,31,代数曲線入門 : はじめての代数幾何 / 梶原健著,"東京 : 日本評論社 , 2004.8 (日評数学選書)"
28,31,TOEICテスト新公式問題集 / Educational Testing Service著 ; 国際ビジネスコミュニケーション協会TOEIC運営委員会編,"[vol. 1] - vol. 6. - [東京] : 国際ビジネスコミュニケーション協会TOEIC運営委員会. - 東京 : 国際コミュニケーションズ・スクール (発売) , 2005.12-"
28,31,どんどん話すための瞬間英作文トレーニング : 反射的に言える / 森沢洋介著,"東京 : ベレ出版 , 2006.10 (CD book)"
28,31,観光文化学 / 山下晋司編,"東京 : 新曜社 , 2007.12"
28,31,告白 / 湊かなえ著,"東京 : 双葉社 , 2008.8"
28,31,"確率ロボティクス / セバスチャン・スラン, ウルフラム・バーガード, ディーター・フォックス著 ; 上田隆一訳","東京 : 毎日コミュニケーションズ , 2007.10 (MYCOM ROBOT books)"
28,31,戦略的ブランド・マネジメント / ケビン・レーン・ケラー著 ; 恩蔵直人監訳 ; バベル訳,"第3版. - 東京 : 東急エージェンシー , 2010.4"
28,31,都市と農村 : 交流から協働へ / 橋本卓爾 [ほか] 編,"東京 : 日本経済評論社 , 2011.3"
28,31,例題で学ぶ光学入門 / 谷田貝豊彦著,"東京 : 森北出版 , 2010.6"
28,31,BoPビジネス戦略 : 新興国・途上国市場で何が起こっているか / 野村総合研究所著,"東京 : 東洋経済新報社 , 2010.11"
28,31,"スバラシク実力がつくと評判の複素関数キャンパス・ゼミ : 大学の数学がこんなに分かる!単位なんて楽に取れる! / 馬場敬之, 高杉豊著","川口 : マセマ出版社 , 2006.7"
28,31,陽だまりの彼女 / 越谷オサム著,"東京 : 新潮社 , 2011.6 (新潮文庫)"
28,31,ツナグ / 辻村深月著,"東京 : 新潮社 , 2012.9 (新潮文庫)"
28,31,テラメカニックス : 走行力学 / 室達朗著,"東京 : 技報堂出版 , 1993.2"
28,31,"観光のまなざし / ジョン・アーリ, ヨーナス・ラースン [著] ; 加太宏邦訳","増補改訂版. - 東京 : 法政大学出版局 , 2014.9 (叢書・ウニベルシタス)"
28,31,火花 / 又吉直樹著,"東京 : 文藝春秋 , 2015.3"
29,30,"続日本紀 / [藤原継縄, 菅野真道等奉勅撰] ; 直木孝次郎他訳注","1 - 4. - 東京 : 平凡社 , 1986.6-1992.4 (東洋文庫)"
29,30,分子の対称と群論 / 中崎昌雄著,"東京 : 東京化学同人 , 1973.2"
29,30,エピタキシャル成長のメカニズム / 中嶋一雄責任編集,"東京 : 共立出版 , 2002.5 (シリーズ : 結晶成長のダイナミクス / 西永頌, 宮澤信太郎, 佐藤清隆シリーズ編集委員)"
29,30,よくわかる物理数学の基本と仕組み : 物理、工学のための数学入門 / 潮秀樹著,"東京 : 秀和システム , 2004.2 (How-nual図解入門)"
29,30,TOEICテスト新公式問題集 / Educational Testing Service著 ; 国際ビジネスコミュニケーション協会TOEIC運営委員会編,"[vol. 1] - vol. 6. - [東京] : 国際ビジネスコミュニケーション協会TOEIC運営委員会. - 東京 : 国際コミュニケーションズ・スクール (発売) , 2005.12-"
29,30,"都市のイメージ / ケヴィン・リンチ [著] ; 丹下健三, 富田玲子訳",": 新装版. - 東京 : 岩波書店 , 2007.5"
29,30,レジャーの空間 : 諸相とアプローチ / 神田孝治編著,"京都 : ナカニシヤ出版 , 2009.10"
29,30,消費者行動の知識 / 青木幸弘著,"東京 : 日本経済新聞出版社 , 2010.9 (日経文庫)"
29,30,"経験から学ぶ人的資源管理 / 上林憲雄, 厨子直之, 森田雅也著","東京 : 有斐閣 , 2010.10 (有斐閣ブックス)"
29,30,たのしくできるArduino電子工作 / 牧野浩二著,"東京 : 東京電機大学出版局 , 2012.9"
29,30,もしもネイティブが中学英語を教えたら / デイビッド・セイン著,"東京 : アスコム , 2014.9 (アスコム英語マスターシリーズ)"
29,30,ミクロ経済学の力 : micro economics / 神取道宏著,"東京 : 日本評論社 , 2014.9"
29,30,"TOEICテスト究極のゼミ / 西嶋愉一, ヒロ前田共著","Part2&1 - Part7. - 東京 : アルク , 2012-"
30,29,和歌山県の百年 / 高嶋雅明著,"東京 : 山川出版社 , 1985.5 (県民100年史)"
30,29,"交通と観光の経済学 / S.ぺージ [著] ; 木谷直俊, 図師雅脩, 松下正弘訳","東京 : 日本経済評論社 , 2001.5"
30,29,土質力学入門 / 岩佐義朗 [ほか] 著,"東京 : 実教出版 , 1998.6 (基礎シリーズ)"
30,29,TOEICテスト新公式問題集 / Educational Testing Service著 ; 国際ビジネスコミュニケーション協会TOEIC運営委員会編,"[vol. 1] - vol. 6. - [東京] : 国際ビジネスコミュニケーション協会TOEIC運営委員会. - 東京 : 国際コミュニケーションズ・スクール (発売) , 2005.12-"
30,29,旅行取引論 / 廣岡裕一著,"京都 : 晃洋書房 , 2007.6"
30,29,"1からのマーケティング = The 1st step of marketing / 石井淳蔵, 廣田章光編著","第3版. - 津 : 碩学舎. - 東京 : 中央経済社 (発売) , 2009.3"
30,29,暗号技術入門 : 秘密の国のアリス / 結城浩著,"新版. - 東京 : ソフトバンククリエイティブ , 2008.12"
30,29,確率論 / 熊谷隆著,"東京 : 共立出版 , 2003.3 (新しい解析学の流れ)"
30,29,"回折と結像の光学 / 渋谷眞人, 大木裕史著","東京 : 朝倉書店 , 2005.11 (光学ライブラリー)"
30,29,空飛ぶタイヤ / 池井戸潤 [著],"上,下. - 東京 : 講談社 , 2009.9 (講談社文庫)"
30,29,スバラシク実力がつくと評判の複素関数キャンパス・ゼミ : 大学の数学がこんなに分かる!単位なんて楽に取れる! / 馬場敬之著,"改訂1. - 川口 : マセマ出版社 , [2013.6]"
30,29,"里山資本主義 : 日本経済は「安心の原理」で動く / 藻谷浩介, NHK広島取材班 [著]","東京 : 角川書店. - 東京 : Kadokawa (発売) , 2013.7 (角川oneテーマ21)"
30,29,オフロードタイヤ工学 : 設計と性能予測の基礎 / タイヤ設計指針作成委員会編,"松山 : テラメカニックス研究会 , 1999.2 (テラメカニックスライブラリー)"
30,29,"密度汎関数理論入門 : 理論とその応用 / D. S. ショール, J. A. ステッケル共著 ; 佐々木泰造, 末原茂共訳","京都 : 吉岡書店 , 2014.11"
31,28,ノルウェイの森 / 村上春樹著,"上,下. - 東京 : 講談社 , 1987.9"
31,28,超解像の光学 / 河田聡編,"東京 : 学会出版センター , 1999.3 (日本分光学会測定法シリーズ)"
31,28,"物理化学 : 分子論的アプローチ / D.A. McQuarrie, J.D. Simon [著] ; 千原秀昭, 江口太郎, 齋藤一弥訳","上,下. - 東京 : 東京化学同人 , 1999.12-2000.2"
31,28,コンパクトシティ : 持続可能な社会の都市像を求めて / 海道清信著,"京都 : 学芸出版社 , 2001.8"
31,28,"障害児教育の歴史 / 中村満紀男, 荒川智編著","東京 : 明石書店 , 2003.10"
31,28,"観光社会学 : ツーリズム研究の冒険的試み / 須藤廣, 遠藤英樹著","東京 : 明石書店 , 2005.4"
31,28,分析化学 / Gary D. Christian[著] ; 赤木右[ほか]共訳,"1 基礎編,2 機器分析編. - 東京 : 丸善 , 2005.3"
31,28,西の魔女が死んだ / 梨木香歩著,"東京 : 新潮社 , 2001.8 (新潮文庫)"
31,28,フェルマーの最終定理 / 結城浩著,"東京 : ソフトバンククリエイティブ , 2008.8 (数学ガール / 結城浩 [著])"
31,28,"健康・スポーツ科学のためのExcelによる統計解析入門 / 佐藤進, 山次俊介, 長澤吉則編著","東京 : 杏林書院 , 2009.6"
31,28,大学生のためのレポート・論文術 / 小笠原喜康著,"新版. - 東京 : 講談社 , 2009.11 (講談社現代新書)"
31,28,太陽電池の基礎と応用 : シリコンから有機・量子ナノまで / 山口真史 [ほか] 著,"東京 : 丸善 , 2010.7"
31,28,私的空間と公共性 : 「資本論」から現代をみる / 山田良治著,"東京 : 日本経済評論社 , 2010.7"
31,28,悪の教典 / 貴志祐介著,"上,下. - 東京 : 文藝春秋 , 2012.8 (文春文庫)"
31,28,"入門MTシステム / 立林和夫編著 ; 手島昌一, 長谷川良子著","東京 : 日科技連出版社 , 2008.12"
31,28,よくわかるHTML5+CSS3の教科書 / 大藤幹著,"東京 : マイナビ , 2012.7"
31,28,"アイスクリームで味わう、""関係""の統計学 / 向後千春, 冨永敦子著","東京 : 技術評論社 , 2009.1 (ファーストブック)"
31,28,"憲法判例百選 / 長谷部恭男, 石川健治, 宍戸常寿編","1,2. - 第6版. - 東京 : 有斐閣 , 2013.11- (別冊ジュリスト)"
31,28,つながりを煽られる子どもたち : ネット依存といじめ問題を考える / 土井隆義著,"東京 : 岩波書店 , 2014.6 (岩波ブックレット)"
31,28,"TOEICテスト究極のゼミ / 西嶋愉一, ヒロ前田共著","Part2&1 - Part7. - 東京 : アルク , 2012-"
31,28,何者 / 朝井リョウ著,"東京 : 新潮社 , 2015.7 (新潮文庫)"
32,27,"線形代数の基礎 / 寺田文行, 木村宣昭共著","東京 : サイエンス社 , 1997.7 (ライブラリ理工基礎数学)"
32,27,光・電磁波工学 / 西原浩編著,"東京 : オーム社 , 2000.8 (新世代工学シリーズ)"
32,27,楽典 : 理論と実習 / 石桁真礼生 [ほか] 共著,": 新装版. - 新版. - 東京 : 音楽之友社 , 2001.11"
32,27,図解でわかるはじめての電気回路 / 大熊康弘著,"東京 : 技術評論社 , 2000.1"
32,27,"ゼミナール経営学入門 / 伊丹敬之, 加護野忠男著","第3版. - 東京 : 日本経済新聞社 , 2003.2"
32,27,ハード・ソフトデザインの人間工学講義 / 山岡俊樹編,"武蔵野 : 武蔵野美術大学出版局 , 2002.4"
32,27,スラスラ話すための瞬間英作文シャッフルトレーニング : 反射的に言える / 森沢洋介著,"東京 : ベレ出版 , 2007.6 (CD book)"
32,27,黎明期日本の経済思想 : イギリス留学生・お雇い外国人・経済学の制度化 / 井上琢智著,"東京 : 日本評論社 , 2006.11 (関西学院大学経済学研究叢書)"
32,27,地球環境化学入門 / J.E.アンドリューズ [ほか] 著 ; 渡辺正訳,"改訂版. - 東京 : シュプリンガー・フェアラーク東京 , 2005.10"
32,27,完全独習統計学入門 / 小島寛之著,"東京 : ダイヤモンド社 , 2006.9"
32,27,東アジアにおける公益思想の変容 : 近世から近代へ / 陶徳民 [ほか] 編,"東京 : 日本経済評論社 , 2009.3 (渋沢栄一記念財団叢書)"
32,27,ゲーム理論・入門 : 人間社会の理解のために / 岡田章著,"東京 : 有斐閣 , 2008.8 (有斐閣アルマ)"
32,27,スタンダード管理会計 = Standard management accounting / 小林啓孝 [ほか] 著,"東京 : 東洋経済新報社 , 2009.9"
32,27,"スバラシク実力がつくと評判の演習線形代数キャンパス・ゼミ : 大学の数学がこんなに分かる!単位なんて楽に取れる! / 馬場敬之, 高杉豊著","川口 : マセマ出版社 , [2007.9]"
32,27,CSR : 企業と社会を考える / 谷本寛治著,"東京 : NTT出版 , 2006.6 (NTT出版ライブラリーレゾナント)"
32,27,"リーダブルコード : より良いコードを書くためのシンプルで実践的なテクニック / Dustin Boswell, Trevor Foucher著 ; 角征典訳","東京 : オライリー・ジャパン. - 東京 : オーム社 (発売) , 2012.6 (Theory in practice)"
32,27,憲法 / 芦部信喜著,"第5版 / 高橋和之補訂. - 東京 : 岩波書店 , 2011.3"
32,27,MTシステム解析法入門 : 試して究める!品質工学 / 鈴木真人著,"東京 : 日刊工業新聞社 , 2012.5"
32,27,よくわかるMTシステム : 品質工学によるパターン認識の新技術 / 田村希志臣著,"東京 : 日本規格協会 , 2009.8"
32,27,"物質の電子状態 / R.M.マーチン著 ; 寺倉清之, 寺倉郁子, 善甫康成訳","上,下. - 東京 : 丸善出版 , 2012 (Springer university textbooks)"
32,27,ブラック企業のない社会へ : 教育・福祉・医療・企業にできること / 今野晴貴 [ほか] 著,"東京 : 岩波書店 , 2014.7 (岩波ブックレット)"
32,27,"卒論・修論のためのアンケート調査と統計処理 / 石村光資郎, 石村友二郎著","東京 : 東京図書 , 2014.7"
32,27,TOEICテスト公式プラクティス / Educational Testing Service著,"リスニング編,リーディング編. - 東京 : 国際ビジネスコミュニケーション協会 , 2011.2-"
32,27,星の王子さま / サン=テグジュペリ [著] ; 河野万里子訳,"東京 : 新潮社 , 2006.4 (新潮文庫)"
32,27,母性 / 湊かなえ著,"東京 : 新潮社 , 2015.7 (新潮文庫)"
32,27,これだけ理論 / 石橋千尋著,"改訂新版. - 東京 : 電気書院 , 2013.2 (電験第3種ニューこれだけシリーズ)"
33,26,化学実験 / 東京大学教養学部化学教室編,"第3版. - 東京 : 東京大学出版会 , 1977"
33,26,超格子ヘテロ構造デバイス / 榊裕之編著,"東京 : 工業調査会 , 1988.9"
33,26,オープン・アーキテクチャ戦略 : ネットワーク時代の協働モデル / 國領二郎著,"東京 : ダイヤモンド社 , 1999.11"
33,26,"ベンチャー企業経営論 / 金井一頼, 角田隆太郎編","東京 : 有斐閣 , 2002.4"
33,26,水族館 / 鈴木克美著,"東京 : 法政大学出版局 , 2003.7 (ものと人間の文化史)"
33,26,ヨーロッパのCSRと日本のCSR : 何が違い、何を学ぶのか。 / 藤井敏彦著,"東京 : 日科技連出版社 , 2005.9"
33,26,GLUTによるOpenGL入門 / 床井浩平著 ; 第二I/O編集部編集,"東京 : 工学社 , 2005.5 (I/O books)"
33,26,子どもの最貧国・日本 : 学力・心身・社会におよぶ諸影響 / 山野良一著,"東京 : 光文社 , 2008.9 (光文社新書)"
33,26,グラスホッパー / 伊坂幸太郎著,"東京 : 角川書店 , 2004.7"
33,26,植物図鑑 / 有川浩著,"東京 : 角川書店. - 東京 : 角川グループパブリッシング (発売) , 2009.6"
33,26,"1からの観光 / 高橋一夫, 大津正和, 吉田順一編著","津 : 碩学舎. - 東京 : 中央経済社 (発売) , 2010.3"
33,26,コンテンツ・ツーリズムとは何か / 増淵敏之著,"東京 : 彩流社 , 2010.4 (物語を旅するひとびと / 増淵敏之著)"
33,26,ソフトウェア工学入門 / 鯵坂恒夫著,"東京 : サイエンス社 , 2008.3 (Computer science library)"
33,26,"Properties of semiconductor alloys : group-IV, III-V and II-VI semiconductors / Sadao Adachi","Chichester : Wiley , c2009 (Wiley series in materials for electronic and optoelectronic applications)"
33,26,弱者の居場所がない社会 : 貧困・格差と社会的包摂 / 阿部彩著,"東京 : 講談社 , 2011.12 (講談社現代新書)"
33,26,租税判例百選 / 水野忠恒 [ほか] 編,"第5版. - 東京 : 有斐閣 , 2011.12 (別冊ジュリスト)"
33,26,Nonlinear optics / Robert W. Boyd,"3rd ed. - Amsterdam ; Boston : Academic Press , c2008"
33,26,有機半導体のデバイス物性 / 安達千波矢編,"東京 : 講談社 , 2012.4"
33,26,ハーモニー / 伊藤計劃著,"東京 : 早川書房 , 2010.12 (ハヤカワ文庫)"
33,26,"これが本当のSPI3だ! : テストセンター対応 / SPIノートの会, 津田秀樹編著","2015年度版 - 2020年度版. - 東京 : 洋泉社 , 2013.6-"
33,26,海賊とよばれた男 / 百田尚樹著,"上,下. - 東京 : 講談社 , 2012.7"
33,26,イギリスに学ぶ商店街再生計画 : 「シャッター通り」を変えるためのヒント / 足立基浩著,"京都 : ミネルヴァ書房 , 2013.10"
33,26,宗教とツーリズム : 聖なるものの変容と持続 / 山中弘編,"京都 : 世界思想社 , 2012.7"
33,26,ユーザーイノベーション : 消費者から始まるものづくりの未来 / 小川進著,"東京 : 東洋経済新報社 , 2013.10"
33,26,世界で一番美しい名作住宅の解剖図鑑 / 中山繁信 [ほか] 著,"東京 : エクスナレッジ , 2014.4 (エクスナレッジムック)"
33,26,池上彰のやさしい教養講座 / 池上彰著 ; 日本経済新聞社編,"東京 : 日本経済新聞出版社 , 2014.5"
33,26,"TOEICテストやたらと出る英単語クイックマスター / テッド寺倉, 上原ちとせ著 ; 英語出版編集部編","東京 : アルク , 2013.10 (TTTスーパー講師シリーズ)"
33,26,"CSV観光ビジネス : 地域とともに価値をつくる / 藤野公孝, 高橋一夫編著","京都 : 学芸出版社 , 2014.10"
34,25,軟弱地盤の土質工学 : 予測と実際 / 稲田倍穂著,"東京 : 鹿島出版会 , 1994.6"
34,25,"基本無機化学 / 荻野博, 飛田博実, 岡崎雅明著","東京 : 東京化学同人 , 2000.3"
34,25,エピタキシャル成長のフロンティア / 中嶋一雄責任編集,"東京 : 共立出版 , 2002.6 (シリーズ : 結晶成長のダイナミクス / 西永頌, 宮澤信太郎, 佐藤清隆シリーズ編集委員)"
34,25,旅行者行動の心理学 / 佐々木土師二著,"吹田 : 関西大学出版部 , 2000.3"
34,25,"コトラーのホスピタリティ&ツーリズム・マーケティング / フィリップ・コトラー, ジョン・ボーエン, ジェームズ・マーキンズ著 ; 平林祥訳","東京 : ピアソン・エデュケーション , 2003.12"
34,25,"ここが知りたいロボット創造設計 / 米田完, 大隅久, 坪内孝司共著 ; 講談社サイエンティフィク編集","東京 : 講談社 , 2005.9"
34,25,観光政策学 : 政策展開における観光基本法の指針性及び観光関係法制度の規範性に関する研究 / 寺前秀一著,"東京 : イプシロン出版企画 , 2007.10"
34,25,カラフル / 森絵都著,"東京 : 理論社 , 1998.7"
34,25,質的データ分析法 : 原理・方法・実践 / 佐藤郁哉著,"東京 : 新曜社 , 2008.3"
34,25,光物理学の基礎 : 物質中の光の振る舞い / 江馬一弘著,"東京 : 朝倉書店 , 2010.11 (光学ライブラリー)"
34,25,観光まちづくりのマーケティング / 十代田朗編著 ; 山田雄一 [ほか] 著,"京都 : 学芸出版社 , 2010.11"
34,25,品質を獲得する技術 : タグチメソッドがもたらしたもの / 宮川雅巳著,"東京 : 日科技連出版社 , 2000.7"
34,25,"新課程微積分 / 石原繁, 浅野重初著","東京 : 共立出版 , 1994.11"
34,25,"1からのサービス経営 / 伊藤宗彦, 高室裕史編著","津 : 碩学舎. - 東京 : 中央経済社 (発売) , 2010.4"
34,25,"Properties of group-IV, III-V and II-VI semiconductors / Sadao Adachi","Chichester, England : Wiley , c2005 (Wiley series in materials for electronic and optoelectronic applications)"
34,25,下町ロケット / 池井戸潤著,"東京 : 小学館 , 2010.11"
34,25,本当にわかる心理学 : フシギなくらい見えてくる! / 植木理恵著,"東京 : 日本実業出版社 , 2010.3"
34,25,愛着障害 : 子ども時代を引きずる人々 / 岡田尊司著,"東京 : 光文社 , 2011.9 (光文社新書)"
34,25,注解所得税法 / 注解所得税法研究会編,"5訂版. - 東京 : 大蔵財務協会 , 2011.9"
34,25,"聖地巡礼ツーリズム / 星野英紀, 山中弘, 岡本亮輔編","東京 : 弘文堂 , 2012.11"
34,25,地方観光政策と観光まちづくりの展開 / 中尾清著,"京都 : 晃洋書房 , 2012.12"
34,25,"ホスピタリティ入門 / 青木義英, 神田孝治, 吉田道代編著","東京 : 新曜社 , 2013.4"
34,25,責任ある競争力 : CSRを問い直す / 谷本寛治著,"東京 : NTT出版 , 2013.4"
34,25,"LATEX2ε美文書作成入門 / 奥村晴彦, 黒木裕介著","改訂第6版. - 東京 : 技術評論社 , 2013.11"
34,25,スバラシク実力がつくと評判の微分積分キャンパス・ゼミ : 大学の数学がこんなに分かる!単位なんて楽に取れる! / 馬場敬之著,"改訂1. - 川口 : マセマ出版社 , [2013.5]"
34,25,"エコツーリズムを学ぶ人のために / 真板昭夫, 石森秀三, 海津ゆりえ編","京都 : 世界思想社 , 2011.5"
34,25,完訳7つの習慣 : 人格主義の回復 / スティーブン・R・コヴィー著 ; フランクリン・コヴィー・ジャパン訳,"東京 : キングベアー出版 , 2013.8"
34,25,"図書館制度・経営論 / 糸賀雅児, 薬袋秀樹編集 ; 市川恵理 [ほか] 共著","東京 : 樹村房 , 2013.12 (現代図書館情報学シリーズ / 高山正也, 植松貞夫監修)"
34,25,Semiclassical analysis / Maciej Zworski,"Providence, R.I. : American Mathematical Society , c2012 (Graduate studies in mathematics)"
34,25,初歩からの線形代数 / 牛瀧文宏編,"東京 : 講談社 , 2013.12"
34,25,TOEICテスト公式プラクティス / Educational Testing Service著,"リスニング編,リーディング編. - 東京 : 国際ビジネスコミュニケーション協会 , 2011.2-"
34,25,「つながり格差」が学力格差を生む / 志水宏吉著,"東京 : 亜紀書房 , 2014.4"
35,24,The Atiyah-Singer index theorem : an introduction / Patrick Shanahan,": Berlin,: New York. - Berlin ; New York : Springer-Verlag , 1978 (Lecture notes in mathematics)"
35,24,"固体電子論概論 / アシュクロフト, マーミン著 ; 松原武生, 町田一成訳","京都 : 吉岡書店 , 1981.2 (物理学叢書 / 小谷正雄 [ほか] 編)"
35,24,"幻影 (イメジ) の時代 : マスコミが製造する事実 / ダニエル・J.ブーアスティン著 ; 後藤和彦, 星野郁美訳","東京 : 東京創元社 , 1964.10 (現代社会科学叢書)"
35,24,為替と信用 : 国際決済制度の史的展開 / 徳永正二郎著,"東京 : 新評論 , 1976"
35,24,速解論理回路 / 宮田武雄著,"東京 : コロナ社 , 1987.4"
35,24,"制御工学 : フィードバック制御の考え方 / 斉藤制海, 徐粒共著","東京 : 森北出版 , 2003.1 (計測と制御シリーズ)"
35,24,学校とは何か : 「居場所としての学校」の考察 / 深谷昌志著,"京都 : 北大路書房 , 2003.6 (日本子ども社会学会セレクション)"
35,24,有機反応のメカニズム / 加藤明良著,"東京 : 三共出版 , 2004.3"
35,24,"プログラミングのための線形代数 / 平岡和幸, 堀玄共著","東京 : オーム社 , 2004.10"
35,24,ゼロから学ぶ線形代数 / 小島寛之著,"東京 : 講談社 , 2002.5"
35,24,村落共有空間の観光的利用 / 池俊介著,"東京 : 風間書房 , 2006.11"
35,24,コア・テキスト経済学史 / 井上義朗著,"東京 : 新世社. - 東京 : サイエンス社 (発売) , 2004.6 (ライブラリ経済学コア・テキスト&最先端)"
35,24,"観光経営戦略 : 戦略策定から実行まで / ジョン・トライブ著 ; 大橋昭一, 渡辺朗, 竹林浩志訳","東京 : センゲージラーニング. - 東京 : 同友館 (発売) , 2007.9"
35,24,日本の鉱物 / 松原聰著,"東京 : 学習研究社 , 2003.9 (フィールドベスト図鑑)"
35,24,観光化する社会 : 観光社会学の理論と応用 / 須藤廣著,"京都 : ナカニシヤ出版 , 2008.5"
35,24,統計力学 / 田崎晴明著,"1,2. - 東京 : 培風館 , 2008.12 (新物理学シリーズ / 山内恭彦監修)"
35,24,ゲームプログラマになる前に覚えておきたい技術 / 平山尚著,"東京 : 秀和システム , 2008.11"
35,24,循環型社会の基層と形成 / 養父志乃夫著,"東京 : 農山漁村文化協会 , 2009.8 (里地里山文化論)"
35,24,現代ファイナンス理論入門 / 仁科一彦著,"第2版. - 東京 : 中央経済社 , 2004.3"
35,24,信号とシステム / 斉藤洋一著,"東京 : コロナ社 , 2003.6"
35,24,ディズニーランド驚異のリピート力の秘密 : リピーターを生む繁盛の方程式 / 志澤秀一著,"東京 : ぱる出版 , 2008.9"
35,24,生きている文化遺産と観光 : 住民によるリビングヘリテージの継承 / 藤木庸介編著,"京都 : 学芸出版社 , 2010.3"
35,24,"BOPビジネス入門 : パートナーシップで世界の貧困に挑む / 菅原秀幸, 大野泉, 槌屋詩野著","東京 : 中央経済社 , 2011.7"
35,24,思考の整理学 / 外山滋比古著,"東京 : 筑摩書房 , 1986.4 (ちくま文庫)"
35,24,乙種第4類危険物取扱者合格テキスト : らくらく突破 / ノマド・ワークス著,"東京 : 技術評論社 , 2009.11"
35,24,半導体レーザが一番わかる : 情報通信機器を支える小型で少消費電力のレーザ! / 安藤幸司著,"東京 : 技術評論社 , 2011.6 (しくみ図解)"
35,24,アニメ・マンガで地域振興 : まちのファンを生むコンテンツツーリズム開発法 / 山村高淑著,"東京 : 東京法令出版 , 2011.4"
35,24,建築・都市計画のための調査・分析方法 / 日本建築学会編,"改訂版. - 東京 : 井上書院 , 2012.5"
35,24,Principles of digital transmission : with wireless applications / Sergio Benedetto and Ezio Biglieri,"New York : Kluwer Academic/Plenum Publishers , c1999 (Information technology : transmission, processing, and storage / [edited by] Jack Keil Wolf)"
35,24,ザ・ツーリスト : 高度近代社会の構造分析 / D.マキァーネル著 ; 安村克己 [ほか] 訳,"東京 : 学文社 , 2012.8"
35,24,密度汎関数法の基礎 / 常田貴夫著,"東京 : 講談社 , 2012.4"
35,24,悪の教典 / 貴志祐介著,"上,下. - 東京 : 文藝春秋 , 2012.8 (文春文庫)"
35,24,空飛ぶタイヤ / 池井戸潤 [著],"上,下. - 東京 : 講談社 , 2009.9 (講談社文庫)"
35,24,n次創作観光 : アニメ聖地巡礼/コンテンツツーリズム/観光社会学の可能性 = n-th creation tourism / 岡本健著,"江別 : 北海道冒険芸術出版 , 2013.2"
35,24,はじめてのパターン認識 / 平井有三著,"東京 : 森北出版 , 2012.7"
35,24,エントリーシート完全突破塾 / 岡茂信著,"[2011年度版] - [2020年度版]. - 東京 : 毎日コミュニケーションズ , [2009.10]- (内定獲得のメソッド)"
35,24,逐次近似画像再構成の基礎 / 篠原広行 [ほか] 著,"東京 : 医療科学社 , 2013.7 (画像再構成シリーズ)"
35,24,子どもの貧困と教育機会の不平等 : 就学援助・学校給食・母子家庭をめぐって / 鳫咲子著,"東京 : 明石書店 , 2013.9"
35,24,"一般相対論 / シュッツ [著] ; 江里口良治, 二間瀬敏史共訳","第2版. - 東京 : 丸善 , 2010.12 (シュッツ相対論入門 / シュッツ[著] ; 江里口良治, 二間瀬敏史共訳)"
35,24,望郷 / 湊かなえ著,"東京 : 文藝春秋 , 2013.1"
35,24,"観光学ガイドブック : 新しい知的領野への旅立ち / 大橋昭一, 橋本和也, 遠藤英樹, 神田孝治編","京都 : ナカニシヤ出版 , 2014.4"
35,24,租税法 / 金子宏著,"第19版. - 東京 : 弘文堂 , 2014.4 (法律学講座双書)"
35,24,日本語能力試験総合テキスト : ゼッタイ合格! / 森本智子 [ほか] 共著,"N1,N2,N3. - 東京 : Jリサーチ出版 , 2013.8- (日本語能力試験対策教本シリーズ)"
35,24,銀翼のイカロス / 池井戸潤著,"東京 : ダイヤモンド社 , 2014.7"
35,24,意味がわかる多変量解析 : まずはこの一冊から / 石井俊全著,"東京 : ベレ出版 , 2014.6 (Beret science)"
35,24,"応用解析学の基礎 : 複素解析,フーリエ解析・ラプラス変換 / 坂和正敏著","新装版. - 東京 : 森北出版 , 2014.10"
35,24,"TOEICテスト究極のゼミ / 西嶋愉一, ヒロ前田共著","Part2&1 - Part7. - 東京 : アルク , 2012-"
35,24,スクラップ・アンド・ビルド / 羽田圭介著,"東京 : 文藝春秋 , 2015.8"
35,24,聞いて覚える英単語キクタンTOEIC test score 800 / 一杉武史編著,"東京 : アルク , 2009.2"
35,24,聞いて覚える英単語キクタンTOEIC Test Score 990 / 一杉武史編著,"東京 : アルク , 2009.5"
35,24,TOEICテスト公式問題集 : 新形式問題対応編 / Educational Testing Service著,"東京 : 国際ビジネスコミュニケーション協会 , 2016.2"
35,24,税法基本講義 / 谷口勢津夫著,"第5版. - 東京 : 弘文堂 , 2016.1"
35,24,コンビニ人間 / 村田沙耶香著,"東京 : 文藝春秋 , 2016.7"
36,23,"Introduction to commutative algebra / M.F. Atiyah, I.G. MacDonald",": pbk. - Reading, Mass. : Addison-Wesley , c1969 (Addison-Wesley series in mathematics / Eric Reissner, consulting editor)"
36,23,統計学入門 / 東京大学教養学部統計学教室編,"東京 : 東京大学出版会 , 1991.7 (基礎統計学 / 東京大学教養学部統計学教室編)"
36,23,茶の世界史 : 緑茶の文化と紅茶の社会 / 角山栄著,"東京 : 中央公論社 , 1980.12 (中公新書)"
36,23,和歌山縣災害史 / 和歌山県編纂,"和歌山 : 和歌山県 , 1963.3"
36,23,イギリスのインド統治 : イギリス東インド会社と「国富流出」 / 松本睦樹著,"京都 : 阿吽社 , 1996.4"
36,23,理論電磁気学 / 砂川重信 [著],"第3版. - 東京 : 紀伊國屋書店 , 1999.9"
36,23,"演習と応用ベクトル解析 / 寺田文行, 福田隆共著","東京 : サイエンス社 , 2000.5 (新・演習数学ライブラリ)"
36,23,糖鎖の科学入門 / 岩瀬仁勇 [ほか] 共著,"東京 : 培風館 , 1994.11"
36,23,数理ファイナンス入門 : 離散時間モデル / Stanley R. Pliska著 ; 木島正明監訳 ; 東京海上火災保険財務企画部運用企画グループ訳,"東京 : 共立出版 , 2001.3"
36,23,観光学入門 : ポスト・マス・ツーリズムの観光学 / 岡本伸之編,"東京 : 有斐閣 , 2001.4 (有斐閣アルマ)"
36,23,"環と加群のホモロジー代数的理論 / 岩永恭雄, 佐藤眞久共著","東京 : 日本評論社 , 2002.10"
36,23,CSR経営 : 企業の社会的責任とステイクホルダー / 谷本寛治編著,"東京 : 中央経済社 , 2004.8"
36,23,"半導体デバイス : 基礎理論とプロセス技術 / S.M. ジィー著 ; 南日康夫, 川辺光央, 長谷川文夫訳","第2版. - 東京 : 産業図書 , 2004.3"
36,23,図解ロボット制御入門 / 川村貞夫著,"東京 : オーム社 , 1995.9"
36,23,観光まちづくりの力学 : 観光と地域の社会学的研究 / 安村克己著,"東京 : 学文社 , 2006.1"
36,23,日本人は英語をどう学んできたか : 英語教育の社会文化史 / 江利川春雄著,"東京 : 研究社 , 2008.11"
36,23,租税判例百選 / 水野忠恒 [ほか] 編,"第4版. - 東京 : 有斐閣 , 2005.10 (別冊ジュリスト)"
36,23,贖罪 / 湊かなえ著,"東京 : 東京創元社 , 2009.6 (ミステリ・フロンティア)"
36,23,システム同定の基礎 / 足立修一著,"東京 : 東京電機大学出版局 , 2009.9"
36,23,これからの「正義」の話をしよう : いまを生き延びるための哲学 / マイケル・サンデル著 ; 鬼澤忍訳,"東京 : 早川書房 , 2010.5"
36,23,観光の思想と理論 / 大橋昭一著,"東京 : 文真堂 , 2010.6"
36,23,聴覚障害教育これまでとこれから : コミュニケーション論争・9歳の壁・障害認識を中心に / 脇中起余子著,"京都 : 北大路書房 , 2009.9"
36,23,地域の産業・文化と観光まちづくり : 創造性を育むツーリズム / 古池嘉和著,"京都 : 学芸出版社 , 2011.1"
36,23,就活とブラック企業 : 現代の若者の働きかた事情 / 森岡孝二編,"東京 : 岩波書店 , 2011.3 (岩波ブックレット)"
36,23,この子らを世の光に : 近江学園二十年の願い / 糸賀一雄著,"復刊. - 東京 : 日本放送出版協会 , 2003.12"
36,23,古典群の表現論と組合せ論 / 岡田聡一著,"上,下. - 東京 : 培風館 , 2006.3 (数理物理シリーズ)"
36,23,県庁おもてなし課 / 有川浩著,"東京 : 角川書店. - 東京 : 角川グループパブリッシング (発売) , 2011.3"
36,23,"スッキリわかるJava入門 / 中山清喬, 国本大悟著","東京 : インプレスジャパン. - 東京 : インプレスコミュニケーションズ (発売) , 2011.10"
36,23,学校を改革する : 学びの共同体の構想と実践 / 佐藤学著,"東京 : 岩波書店 , 2012.7 (岩波ブックレット)"
36,23,パターン認識と機械学習 : ベイズ理論による統計的予測 / C. M. ビショップ著,"上,下. - 東京 : 丸善出版 , 2012.1"
36,23,Nonlinear fiber optics / Govind P. Agrawal,"5th ed. - Oxford ; Tokyo : Academic Press , c2013 [i.e. 2012]"
36,23,ラン / 森絵都 [著],"東京 : 角川書店. - 東京 : 角川グループパブリッシング (発売) , 2012.2 (角川文庫)"
36,23,永遠の0 / 百田尚樹著,"東京 : 太田出版 , 2006.8"
36,23,統計学が最強の学問である / 西内啓著,"東京 : ダイヤモンド社 , 2013.1"
36,23,人間の条件 / ハンナ・アレント著 ; 志水速雄訳,"東京 : 筑摩書房 , 1994.10 (ちくま学芸文庫)"
36,23,Arduinoをはじめよう / Massimo Banzi著 ; 船田巧訳,"第2版. - 東京 : オライリー・ジャパン. - 東京 : オーム社 (発売) , 2012.3 (Make: projects)"
36,23,Pythonによるデータ分析入門 : NumPy、pandasを使ったデータ処理 / ウェス・マッキニー著 ; 小林儀匡 [ほか] 訳,"東京 : オライリー・ジャパン. - 東京 : オーム社 (発売) , 2013.12"
36,23,ロスジェネの逆襲 / 池井戸潤著,"東京 : ダイヤモンド社 , 2012.6"
36,23,「魅せる声」のつくり方 : 3大新理論があなたの印象を変える / 篠原さなえ著,"東京 : 講談社 , 2012.12 (ブルーバックス)"
36,23,自動車用タイヤの基礎と実際 / ブリヂストン編,"東京 : 東京電機大学出版局 , 2008.4"
36,23,通常学級でできる発達障害のある子のトラブル・行動問題への対処 / 温泉美雪著,"京都 : ミネルヴァ書房 , 2014.9 (特別支援教育がわかる本 / 内山登紀夫監修)"
36,23,数的推理判断推理公務員試験合格問題集 : 絶対決める! / 受験研究会編,"2011年度版 - [2016年度版]. - 東京 : 新星出版社 , [2009.12]-"
36,23,香港 = Hong Kong,"2版. - 東京 : 昭文社 , 2014.10 (ことりっぷ)"
36,23,現代の観光とブランド / 大橋昭一編著,"東京 : 同文舘出版 , 2013.3"
36,23,1Q84 / 村上春樹著,"book 1(4月-6月)前編 - book 3(10月-12月)後編. - 東京 : 新潮社 , 2012.4- (新潮文庫)"
36,23,人間失格 / 太宰治著,"156刷改版. - 東京 : 新潮社 , 2006.1 (新潮文庫)"
36,23,すべてが解る!光ファイバ通信 / 久保園浩明編著,"東京 : 電気通信協会. - 東京 : オーム社 (発売) , 2012.10"
36,23,租税法 / 金子宏著,"第21版. - 東京 : 弘文堂 , 2016.4 (法律学講座双書)"
36,23,『有機化学改訂2版』問題の解き方 / 奥山格著,"東京 : 丸善出版 , 2016.1"
36,23,Pythonで学ぶディープラーニングの理論と実装 / 斎藤康毅著,"東京 : オライリー・ジャパン. - 東京 : オーム社 (発売) , 2016.9 (ゼロから作るdeep learning)"
37,22,"続日本紀 / [藤原継縄, 菅野真道等奉勅撰] ; 直木孝次郎他訳注","1 - 4. - 東京 : 平凡社 , 1986.6-1992.4 (東洋文庫)"
37,22,"固体フォノンの諸問題 / アシュクロフト, マーミン著 ; 松原武生, 町田一成訳","京都 : 吉岡書店 , 1982.2 (物理学叢書 / 小谷正雄 [ほか] 編)"
37,22,超格子構造の光物性と応用 / 岡本絋著,"東京 : コロナ社 , 1988.10 (フォトニクスシリーズ / 伊藤良一, 神谷武志, 柊元宏編)"
37,22,値段史年表 : 明治・大正・昭和 / 週刊朝日編,"東京 : 朝日新聞社 , 1988.6"
37,22,人間環境の地理学 / 菊地俊夫〔ほか〕著,"東京 : 開成出版 , 1995.10"
37,22,ジーニアス英和辞典 / 小西友七編集主幹,": 2色刷,: [単色刷],: 2色刷 革装. - 改訂版. - 東京 : 大修館書店 , 1994.4"
37,22,戦前期社会事業史料集成 / 社会福祉調査研究会編,"第1巻 - 第20巻. - 東京 : 日本図書センター , 1985"
37,22,ディジタル制御入門 / 萩原朋道著,"東京 : コロナ社 , 1999.3 (システム制御工学シリーズ)"
37,22,"ラマン分光法 / 浜口宏夫, 平川暁子編","2刷. - 東京 : 学会出版センター , 1991.1 (日本分光学会測定法シリーズ)"
37,22,"創られた伝統 / E・ホブズボウム, T・レンジャー編 ; 前川啓治, 梶原景昭他訳","東京 : 紀伊國屋書店 , 1992.6 (文化人類学叢書)"
37,22,日本人の英語 / マーク・ピーターセン著,"[正],続. - 東京 : 岩波書店 , 1988.4-1990.9 (岩波新書)"
37,22,ブランド : 価値の創造 / 石井淳蔵著,"東京 : 岩波書店 , 1999.9 (岩波新書)"
37,22,グループウェアとその応用 / 垂水浩幸著,"東京 : 共立出版 , 2000.9 (ソフトウェアテクノロジーシリーズ)"
37,22,"哲学はこんなふうに / アンドレ・コント=スポンヴィル著 ; 木田元, 小須田健, C.カンタン訳","東京 : 紀伊國屋書店 , 2002.10"
37,22,観光人類学の戦略 : 文化の売り方・売られ方 / 橋本和也著,"京都 : 世界思想社 , 1999.4 (Sekaishiso seminar)"
37,22,"CSR : 企業価値をどう高めるか / 高巖, 日経CSRプロジェクト編","東京 : 日本経済新聞社 , 2004.11"
37,22,地域産業複合体の形成と展開 : ウメ産業をめぐる新たな動向 / 橋本卓爾 [ほか] 編著,"東京 : 農林統計協会 , 2005.7"
37,22,和歌山県教育史 / 和歌山県教育史編纂委員会編,"第1巻 : 通史編1,第2巻 : 通史編II,第3巻 : 史料編. - 和歌山 : 和歌山県教育委員会 , 2006.3-2010.3"
37,22,図書館戦争 / 有川浩著 ; 徒花スクモイラスト,"東京 : メディアワークス. - 東京 : 角川書店 (発売) , 2006.3"
37,22,実験データを正しく扱うために / 化学同人編集部編,"京都 : 化学同人 , 2007.12"
37,22,観光旅行の心理学 / 佐々木土師二著,"京都 : 北大路書房 , 2007.3"
37,22,"新TOEICテスト直前の技術(テクニック) : 受験票が届いてからでも間に合う!11日間即効プログラム / ロバート・ヒルキ, ポール・ワーデン, ヒロ前田共著","完全リニューアル版. - 東京 : アルク , 2006.12"
37,22,数学いらずの分子軌道論 / 齋藤勝裕著,"京都 : 化学同人 , 2007.11"
37,22,中世終焉 : 秀吉の太田城水攻めを考える / 海津一朗編,"大阪 : 清文堂出版 , 2008.5 (和歌山大学フィールドミュージアム叢書)"
37,22,"よくわかる卒論の書き方 / 白井利明, 高橋一郎著","京都 : ミネルヴァ書房 , 2008.5 (やわらかアカデミズム・「わかる」シリーズ)"
37,22,The business of rural tourism : International perspectives / edited by Stephen J. Page and Don Getz,"London : International Thomson Business Press , c1997 (Tourism and hospitality management series)"
37,22,はじめての韓国語 : よくわかる / 李昌圭著,"東京 : ナツメ社 , 2007.3 (CDブック)"
37,22,少女 / 湊かなえ著,"東京 : 早川書房 , 2009.1 (ハヤカワ・ミステリワールド)"
37,22,子どもの貧困白書 / 子どもの貧困白書編集委員会編,"東京 : 明石書店 , 2009.9"
37,22,"昔話の形態学 / ウラジーミル・プロップ著 ; 北岡誠司, 福田美智代訳","東京 : 白馬書房 , 1987.8 (叢書記号学的実践)"
37,22,信号とシステム / 斉藤洋一著,"東京 : コロナ社 , 2003.6"
37,22,非線形光学入門 / 服部利明著,"東京 : 裳華房 , 2009.9"
37,22,ピンチに役立つ英語表現辞典 / 松浦庸夫著,"東京 : 東京堂出版 , 2010.9"
37,22,観光まちおこしに成功する秘訣 : 成果を上げるための処方箋 / 渡辺千賀恵著,"東京 : ぎょうせい , 2011.1"
37,22,図説社会心理学入門 / 齊藤勇編著,"東京 : 誠信書房 , 2011.1"
37,22,"スバラシク実力がつくと評判の電磁気学キャンパス・ゼミ : 大学の物理がこんなに分かる!単位なんて楽に取れる! / 馬場敬之, 高杉豊著","改訂1. - 川口 : マセマ出版社 , [2011.3]"
37,22,コア・テキスト統計学 / 大屋幸輔著,"東京 : 新世社. - 東京 : サイエンス社 (発売) , 2003.2 (ライブラリ経済学コア・テキスト&最先端)"
37,22,基礎量子化学 : 軌道概念で化学を考える / 友田修司著,"東京 : 東京大学出版会 , 2007.2"
37,22,観光統計からみえてきた地域観光戦略 / 額賀信著,"東京 : 日刊工業新聞社 , 2008.11 (B&Tブックス)"
37,22,量子ドットエレクトロニクスの最前線,"東京 : エヌ・ティー・エス , 2011.3"
37,22,"スバラシク実力がつくと評判のフーリエ解析キャンパス・ゼミ : 大学の数学がこんなに分かる!単位なんて楽に取れる! / 馬場敬之, 高杉豊著","1. - 川口 : マセマ出版社 , [2007.2]"
37,22,観光のマーケティング・マネジメント : ケースで学ぶ観光マーケティングの理論 / 高橋一夫編著 ; 柏木千春 [ほか] 著,"東京 : ジェイティービー能力開発 , 2011.3"
37,22,地域ブランドと魅力あるまちづくり : 産業振興・地域おこしの新しいかたち / 佐々木一成著,"京都 : 学芸出版社 , 2011.2"
37,22,心理学がイッキにわかる本 : 心のギモン、すっきり解決! / 渋谷昌三監修,"東京 : 西東社 , 2011.6"
37,22,舟を編む / 三浦しをん著,"東京 : 光文社 , 2011.9"
37,22,栞子さんと奇妙な客人たち / 三上延 [著],"東京 : アスキー・メディアワークス. - 東京 : 角川グループパブリッシング (発売) , 2011.3 (メディアワークス文庫)"
37,22,永遠の出口 / 森絵都著,"東京 : 集英社 , 2006.2 (集英社文庫)"
37,22,イラストで学ぶ機械学習 : 最小二乗法による識別モデル学習を中心に / 杉山将著 ; 講談社サイエンティフィク編集,"東京 : 講談社 , 2013.9"
37,22,初等整数論からp進数へ / 雪江明彦著,"東京 : 日本評論社 , 2013.8 (整数論 / 雪江明彦著)"
37,22,フードツーリズム論 : 食を活かした観光まちづくり / 安田亘宏著,"東京 : 古今書院 , 2013.7"
37,22,"フーリエ光学 / Joseph W.Goodman著 ; 尾崎義治, 朝倉利光訳","東京 : 森北出版 , 2012.10"
37,22,いじめの構造 : なぜ人が怪物になるのか / 内藤朝雄著,"東京 : 講談社 , 2009.3 (講談社現代新書)"
37,22,論文の教室 : レポートから卒論まで / 戸田山和久著,"新版. - 東京 : NHK出版 , 2012.8 (NHKブックス)"
37,22,組織行動のマネジメント : 入門から実践へ / スティーブン P.ロビンス著 ; 高木晴夫訳,"新版. - 東京 : ダイヤモンド社 , 2009.12"
37,22,変革マネジメントの理論と実践 : プロジェクトリーダーシップの役割 / 野間口隆郎著,"東京 : 白桃書房 , 2013.9 (和歌山大学経済学部研究叢書)"
37,22,"ストレングストレーニング&コンディショニング : NSCA決定版 / Thomas R. Baechle, Roger W. Earle編","第3版. - 東京 : ブックハウス・エイチディ , 2010.2"
37,22,"絵ときでわかるロボット工学 / 川嶋健嗣, 只野耕太郎共著","第2版. - 東京 : オーム社 , 2014.7"
37,22,"消費者・コミュニケーション戦略 / 田中洋, 清水聰編","東京 : 有斐閣 , 2006.5 (有斐閣アルマ)"
37,22,Fiber optic communications : fundamentals and applications / Shiva Kumar and M. Jamal Deen,"Chichester, West Sussex : Wiley , 2014"
37,22,学生による学生のためのダメレポート脱出法 / 慶應義塾大学日吉キャンパス学習相談員著,"東京 : 慶應義塾大学出版会 , 2014.10 (アカデミック・スキルズ)"
37,22,サラバ! / 西加奈子著,"上,下. - 東京 : 小学館 , 2014.11"
37,22,TOEFLテスト英単語3800 / 神部孝著,"4訂版. - [東京] : 旺文社 , [2014.2] (TOEFLテスト大戦略シリーズ)"
37,22,江戸川乱歩傑作選 / 江戸川乱歩著,"93刷改版. - 東京 : 新潮社 , 2009.4 (新潮文庫)"
37,22,"それでも企業不祥事が起こる理由 : “法令遵守""を超えるコンプライアンスの実務 / 國廣正著","東京 : 日本経済新聞出版社 , 2010.7"
37,22,"Unity5入門 : 最新開発環境による簡単3D&2Dゲーム制作 / 荒川巧也, 浅野祐一著","東京 : SBクリエイティブ , 2015.8"
37,22,「愛情の器」モデルに基づく愛着修復プログラム : 発達障害・愛着障害 : 現場で正しくこどもを理解し、こどもに合った支援をする / 米澤好史著,"東京 : 福村出版 , 2015.10"
37,22,世界一わかりやすいTOEICテストの授業 : 関先生が教える / 関正生著,"Part1-4リスニング,Part5&6文法,Part7読解. - 改訂版. - 東京 : KADOKAWA , 2016.4"
38,21,"固体のバンド理論 / アシュクロフト, マーミン著 ; 松原武生, 町田一成訳","京都 : 吉岡書店 , 1981.9 (物理学叢書 / 小谷正雄 [ほか] 編)"
38,21,"紀伊名所圖會 / 高市志友, 加納諸平, 高市志直編述","第1巻 - 第4巻. - 東京 : 歴史図書社 , 1970.6-1970.9"
38,21,知的複眼思考法 / 苅谷剛彦著,"東京 : 講談社 , 1996.9"
38,21,清代中国の物価と経済変動 / 岸本美緒著,"東京 : 研文出版 , 1997.1"
38,21,環境システム : その理念と基礎手法 / 土木学会環境システム委員会編,"東京 : 共立出版 , 1998.4"
38,21,"初めてのPython / Mark Lutz, David Ascher著 ; 紀太章訳","東京 : オライリー・ジャパン. - 東京 : オーム社(発売) , 2000.9"
38,21,ゼロから学ぶ電子回路 / 秋田純一著,"東京 : 講談社 , 2002.5"
38,21,力学 / 川村清著,"東京 : 裳華房 , 1998.10 (裳華房テキストシリーズ - 物理学 / 阿部龍蔵, 川村清監修)"
38,21,固体物理学 : 工学のために / 岡崎誠著,"東京 : 裳華房 , 2002.10"
38,21,研究計画書の考え方 : 大学院を目指す人のために / 妹尾堅一郎著,"東京 : ダイヤモンド社 , 1999.3 (Diamond executive data book)"
38,21,"キー・コンピテンシー : 国際標準の学力をめざして / ドミニク・S・ライチェン, ローラ・H・サルガニク編著 ; 今西幸蔵 [ほか] 訳","東京 : 明石書店 , 2006.5"
38,21,TOEICテスト新公式問題集 / Educational Testing Service著 ; 国際ビジネスコミュニケーション協会TOEIC運営委員会編,"[vol. 1] - vol. 6. - [東京] : 国際ビジネスコミュニケーション協会TOEIC運営委員会. - 東京 : 国際コミュニケーションズ・スクール (発売) , 2005.12-"
38,21,有頂天家族 / 森見登美彦著,"東京 : 幻冬舎 , 2007.9"
38,21,数値計算のためのFortran90/95プログラミング入門 / 牛島省著,"東京 : 森北出版 , 2007.7"
38,21,英語の歴史 : 過去から未来への物語 / 寺澤盾著,"東京 : 中央公論新社 , 2008.10 (中公新書)"
38,21,"これでわかる!着地型観光 : 地域が主役のツーリズム / 尾家建生, 金井萬造編著","京都 : 学芸出版社 , 2008.11"
38,21,"景観形成と地域コミュニティ : 地域資本を増やす景観政策 / 鳥越皓之, 家中茂, 藤村美穂著","東京 : 農山漁村文化協会 , 2009.2"
38,21,未来をつくる資本主義 : 世界の難問をビジネスは解決できるか / スチュアート・L.ハート著 ; 石原薫訳,"東京 : 英治出版 , 2008.3"
38,21,グリーン・ツーリズム実践の社会学 / 青木辰司著,"東京 : 丸善 , 2004.2"
38,21,Nのために / 湊かなえ著,"東京 : 東京創元社 , 2010.1"
38,21,Cで学ぶデータ構造とアルゴリズム / 西原清一著,"東京 : オーム社 , 2008.1"
38,21,食旅と観光まちづくり / 安田亘宏著,"京都 : 学芸出版社 , 2010.6"
38,21,観光まちづくりと地域資源活用 / 総合観光学会編,"東京 : 同文舘出版 , 2010.1"
38,21,キケン / 有川浩著,"東京 : 新潮社 , 2010.1"
38,21,"スバラシク実力がつくと評判の演習電磁気学キャンパス・ゼミ / 高杉豊, 馬場敬之著","川口 : マセマ出版社 , [2009.9]"
38,21,20歳のときに知っておきたかったこと / ティナ・シーリグ著 ; 高遠裕子訳,"東京 : 阪急コミュニケーションズ , 2010.3 (スタンフォード大学集中講義)"
38,21,不合理だからすべてがうまくいく : 行動経済学で「人を動かす」 / ダン・アリエリー著 ; 櫻井祐子訳,"東京 : 早川書房 , 2010.11"
38,21,世界とつながるビジネス : BOP市場を開拓する5つの方法 / 国連開発計画(UNDP)編 ; 吉田秀美訳,"東京 : 英治出版 , 2010.11"
38,21,マスカレード・ホテル / 東野圭吾著,"東京 : 集英社 , 2011.9"
38,21,"観光のビジネスモデル : 利益を生みだす仕組みを考える = Business models of tourism / 石井淳蔵, 高橋一夫編","京都 : 学芸出版社 , 2011.12"
38,21,ナミヤ雑貨店の奇蹟 / 東野圭吾著,"東京 : 角川書店. - 東京 : 角川グループパブリッシング (発売) , 2012.3"
38,21,よくわかる観光社会学 / 安村克己 [ほか] 編著,"京都 : ミネルヴァ書房 , 2011.4 (やわらかアカデミズム・「わかる」シリーズ)"
38,21,協同学習入門 : 基本の理解と51の工夫 / 杉江修治著,"京都 : ナカニシヤ出版 , 2011.10"
38,21,Fiber-optic communication systems / Govind P. Agrawal,"4th ed.. - Hoboken, N.J. : Wiley , 2010 (Wiley series in microwave and optical engineering / Kai Chang, editor)"
38,21,"グローバル化時代の人文地理学 / 小林茂, 宮澤仁編著","東京 : 放送大学教育振興会 , 2012.3 (放送大学教材)"
38,21,エントリーシートの完璧対策 : アピールポイントが見つかる! / 福沢恵子著 ; 日経HR編集部編,"2014年度版. - 東京 : 日経HR , 2012.10 (日経就職シリーズ)"
38,21,ふがいない僕は空を見た / 窪美澄著,"東京 : 新潮社 , 2012.10 (新潮文庫)"
38,21,詳説世界史 : 世界史B / 木村靖二 [ほか] 著,"東京 : 山川出版社 , 2013.3"
38,21,業界&職種研究ガイド : 自分に合った仕事は何だろう? / マイナビ編集部編著,"[2014年度版] - [2020年度版]. - 東京 : マイナビ , [2012.6]- (内定獲得のメソッド)"
38,21,学生のレポート・論文作成トレーニング : スキルを学ぶ21のワーク / 桑田てるみ編 ; 桑田てるみほか執筆,"東京 : 実教出版 , 2013.9"
38,21,インクルーシブ教育の実践 : すべての子どものニーズにこたえる学級づくり / コンスタンス・マクグラス著 ; 川合紀宗訳,"東京 : 学苑社 , 2010.6"
38,21,図解でわかるスタンフォードの自分を変える教室 / ケリー・マクゴニガル監修,"東京 : 大和書房 , 2014.5"
38,21,"X線物理学の基礎 / J.アルスニールセン, D.マクマロウ原著 ; 篠原佑也, 白澤徹郎, 矢代航訳","東京 : 講談社 , 2012.5"
38,21,すべての人に知っておいてほしいデザイン・レイアウトの基本原則 / 大橋幸二 [ほか] 執筆,"東京 : エムディエヌコーポレーション. - 東京 : インプレスコミュニケーションズ (発売) , 2011.9"
38,21,ブラック企業ビジネス / 今野晴貴著,"東京 : 朝日新聞出版 , 2013.11 (朝日新書)"
38,21,過労死は何を告発しているか : 現代日本の企業と労働 / 森岡孝二著,"東京 : 岩波書店 , 2013.8 (岩波現代文庫)"
38,21,農山村は消滅しない / 小田切徳美著,"東京 : 岩波書店 , 2014.12 (岩波新書)"
38,21,TOEFLテスト英熟語700 / 神部孝著,"4訂版. - [東京] : 旺文社 , [2014.2] (TOEFLテスト大戦略シリーズ)"
38,21,日本人とCSR : 遊戯・フロー体験・ダイバーシティ / 潜道文子著,"[東京] : 拓殖大学. - 東京 : 白桃書房 (発売) , 2014.3 (拓殖大学研究叢書)"
38,21,新TOEICテスト900点を突破する英単語 = Scoring over 900-vocabulary training for the new TOEIC test / 福居守世著,"東京 : 中経出版 , 2010.2"
38,21,確かな力が身につくJavaScript「超」入門 / 狩野祐東著,"東京 : SBクリエイティブ , 2015.11"
38,21,訪日外国人観光ビジネス入門講座 : 沸騰するインバウンド市場攻略ガイド / 村山慶輔著,"[東京] : 翔泳社 , 2015.2"
38,21,"TOEICテスト非公式問題集至高の400問 : 新形式問題対応 / ヒロ前田, テッド寺倉, ロス・タロック著","東京 : アルク , 2016.4"
38,21,"非線形ファイバー光学 / G.P.アグラワール著 ; 小田垣孝, 山田興一共訳","京都 : 吉岡書店 , 1997.5 (物理学叢書 / 小谷正雄 [ほか] 編)"
38,21,SPI解法の極意 / マイナビ編集部編,"[2012年度版] - [2020年度版]. - 東京 : 毎日コミュニケーションズ , [2009.10]- (内定獲得のメソッド)"
38,21,ベーシック圏論 : 普遍性からの速習コース / T.レンスター著 ; 土岡俊介訳,"東京 : 丸善出版 , 2017.1"
39,20,微分幾何入門 / 落合卓四郎著,"上,下. - 東京 : 東京大学出版会 , 1991.3-1993.3 (基礎数学)"
39,20,双曲幾何学入門 : 線形代数の応用 / 中岡稔著,"東京 : サイエンス社 , 1993.3 (数理科学ライブラリ)"
39,20,量子力学 / 小出昭一郎著,"1,2. - 改訂版. - 東京 : 裳華房 , 1990.10 (基礎物理学選書)"
39,20,光エレクトロニクス入門 / 末田正著,"東京 : 丸善 , 1998.12 (電気・電子・情報・通信基礎コース)"
39,20,ゼロから学ぶ微分積分 / 小島寛之著,"東京 : 講談社 , 2001.4"
39,20,"文化経済学入門 : 創造性の探究から都市再生まで / デイヴィッド・スロスビー著 ; 中谷武雄, 後藤和子監訳","東京 : 日本経済新聞社 , 2002.9"
39,20,"歴史から読み解く英語の謎 / 岸田隆之, 早坂信, 奥村直史著","東京 : 教育出版 , 2002.8"
39,20,新しいクロール / 宮畑虎彦著,"東京 : 不昧堂出版 , 1972 (不昧堂新書)"
39,20,コホモロジーのこころ / 加藤五郎著,"東京 : 岩波書店 , 2003.3"
39,20,3次元の幾何学 / 小島定吉著,"東京 : 朝倉書店 , 2002.10 (講座数学の考え方 / 飯高茂 [ほか] 編集)"
39,20,フォトニック結晶入門 / 迫田和彰著,"東京 : 森北出版 , 2004.1"
39,20,マンガでわかる統計学 / 高橋信著 ; トレンド・プロマンガ制作,"[正],回帰分析編,因子分析編. - 東京 : オーム社 , 2004.7-"
39,20,博士の愛した数式 / 小川洋子著,"東京 : 新潮社 , 2003.8"
39,20,よくわかる高校物理の基本と仕組み : 実はこんなにシンプルな物理再入門 / 北村俊樹著,"東京 : 秀和システム , 2004.9 (How-nual図解入門)"
39,20,図書館危機 / 有川浩著 ; 徒花スクモイラスト,"東京 : メディアワークス. - 東京 : 角川グループパブリッシング (発売) , 2007.3"
39,20,阪急電車 / 有川浩著,"東京 : 幻冬舎 , 2008.1"
39,20,"基本情報技術者合格教本 / 定平誠, 兼平敦共著","平成16年度 春期 - 平成29年度 春期 秋期. - 東京 : 技術評論社 , 2003.12-"
39,20,楽しい鉱物図鑑 / 堀秀道著,"[1] : 新装版. - 東京 : 草思社 , 1993.6"
39,20,土木職公務員試験専門問題と解答 / 米田昌弘著,"必修科目編 - 物理編. - 岡山 : 大学教育出版 , 2008.4"
39,20,"Sports tourism : participants, policy and providers / Mike Weed and Chris Bull","2nd ed. - Oxford : Butterworth-Heinemann , 2009"
39,20,塩の街 / 有川浩著,"東京 : メディアワークス. - 東京 : 角川グループパブリッシング (発売) , 2007.6"
39,20,ラブコメ今昔 / 有川浩著,"東京 : 角川書店. - 東京 : 角川グループパブリッシング (発売) , 2008.6"
39,20,すぐわかるSPSSによるアンケートの調査・集計・解析 / 内田治著,"第4版. - 東京 : 東京図書 , 2010.6"
39,20,発達障害が引き起こす二次障害へのケアとサポート / 齊藤万比古編著,"東京 : 学習研究社 , 2009.9 (学研のヒューマンケアブックス)"
39,20,アルゴリズミック・デザイン : 建築・都市の新しい設計手法 / 日本建築学会編,"東京 : 鹿島出版会 , 2009.3"
39,20,観光のユニバーサルデザイン : 歴史都市と世界遺産のバリアフリー / 秋山哲男 [ほか] 著,"京都 : 学芸出版社 , 2010.4"
39,20,"プラクティカル産業組織論 / 泉田成美, 柳川隆著","東京 : 有斐閣 , 2008.12 (有斐閣アルマ)"
39,20,"スバラシク実力がつくと評判のベクトル解析キャンパス・ゼミ : 大学の数学がこんなに分かる!単位なんて楽に取れる! / 馬場敬之, 高杉豊著","川口 : マセマ出版社 , [2007.6]"
39,20,経営学の基本 : 初級・中級受験用 / 経営能力開発センター編,"第3版. - 東京 : 中央経済社 , 2009.12 (経営学検定試験公式テキスト)"
39,20,パフォーマンス評価 : 思考力・判断力・表現力を育む授業づくり / 田中耕治編著,"東京 : ぎょうせい , 2011.7"
39,20,交通基本法時代の地域交通政策と持続可能な発展 : 過疎地域・地方小都市を中心に / 辻本勝久著,"東京 : 白桃書房 , 2011.10 (和歌山大学経済学部研究叢書)"
39,20,"スバラシク実力がつくと評判の演習統計学キャンパス・ゼミ / 高杉豊著 , 馬場敬之著","川口 : マセマ出版社 , 2011.9"
39,20,物理光学 : 媒質中の光波の伝搬 / 黒田和男著,"東京 : 朝倉書店 , 2011.3 (光学ライブラリー)"
39,20,"スバラシク実力がつくと評判の演習微分積分キャンパス・ゼミ : 大学の数学がこんなに分かる!単位なんて楽に取れる! / 馬場敬之, 高杉豊著","川口 : マセマ出版社 , [2008.3]"
39,20,イラスト・図解光ファイバ通信のしくみがわかる本 : 原理から最新技術まで、よくわかる光ファイバ入門 / 山下真司著,"東京 : 技術評論社 , 2002.4"
39,20,フロー体験入門 : 楽しみと創造の心理学 / M.チクセントミハイ著,"京都 : 世界思想社 , 2010.5"
39,20,"ルポ子どもの貧困連鎖 : 教育現場のSOSを追って / 保坂渉, 池谷孝司著","東京 : 光文社 , 2012.5"
39,20,"子ども虐待と関連する精神障害 / 本間博彰, 小野善郎編集","東京 : 中山書店 , 2008.11 (子どもの心の診療シリーズ / 齊藤万比古総編集)"
39,20,"屍者の帝国 / 伊藤計劃, 円城塔著","東京 : 河出書房新社 , 2012.8"
39,20,空飛ぶ広報室 / 有川浩著,"東京 : 幻冬舎 , 2012.7"
39,20,OpenGL 4.0シェーディング言語 : 実例で覚えるGLSLプログラミング / David Wolff著 ; 中本浩翻訳,"東京 : ボーンデジタル , 2012.10"
39,20,風に舞いあがるビニールシート / 森絵都著,"東京 : 文藝春秋 , 2009.4 (文春文庫)"
39,20,教師のための教育相談の技術 / 吉田圭吾著,"東京 : 金子書房 , 2007.4"
39,20,"食材と調理の科学 : 食べ物と健康 / 今井悦子編著 ; 香西みどり, 吉田真美著","東京 : アイ・ケイコーポレーション , 2012.9"
39,20,"Kinect for Windows SDK実践プログラミング / 杉浦司, 中村薫著","東京 : 工学社 , 2013.11 (I/O books)"
39,20,アメリカ大都市の死と生 / ジェイン・ジェイコブズ著 ; 山形浩生訳,"新版, 第2刷. - 東京 : 鹿島出版会 , 2010.6"
39,20,ゼミナールマーケティング入門 / 石井淳蔵 [ほか] 著,"第2版. - 東京 : 日本経済新聞出版社 , 2013.9"
